Ai Shen.webp	aiShen.webp
Alien Brain Boss.webp	alienBrainBoss.webp
Alien Brain Visitor.webp	alienBrainVisitor.webp
Angry Mob.webp	angryMob.webp
Archaeologists.webp	archaeologists.webp
Army Recruit.webp	armyRecruit.webp
Asian Lung Dragon.webp	asianLungDragon.webp
Aunt Gertrude.webp	auntGertrude.webp
Baby Banana.webp	babyBanana.webp
Baby Vultures.webp	babyVultures.webp
Baby getting eaten by Tiger.webp	babyGettingEatenByTiger.webp
Banana Leader.webp	bananaLeader.webp
Banana People.webp	bananaPeople.webp
Banana Police.webp	bananaPolice.webp
Banana Suit Dealer.webp	bananaSuitDealer.webp
Barbara.webp	barbara.webp
Basil.webp	basil.webp
Bearded Man (character).webp	beardedManCharacter.webp
Benton Tarantella.webp	bentonTarantella.webp
Big Bayou.webp	bigBayou.webp
Big Toe.webp	bigToe.webp
Bigfoot.webp	bigfoot.webp
Black Puddle Queen.webp	blackPuddleQueen.webp
Bluff.webp	bluff.webp
Bobby Ganoush.webp	bobbyGanoush.webp
Box Demon.webp	boxDemon.webp
Brunhilde.webp	brunhilde.webp
Buck's Daughter.webp	buckSDaughter.webp
Buck.webp	buck.webp
Bugle Monster.webp	bugleMonster.webp
Bullfrogs.webp	bullfrogs.webp
Bunny.webp	bunny.webp
Cajun Courage.webp	cajunCourage.webp
Cajun Fox.webp	cajunFox.webp
Captain Lazzo.webp	captainLazzo.webp
Captain of the Ship.webp	captainOfTheShip.webp
Cariana.webp	cariana.webp
Carmen.webp	carmen.webp
Cat Thieves.webp	catThieves.webp
Catherine.webp	catherine.webp
Ceremonial Wild Boar.webp	ceremonialWildBoar.webp
Charlie the Mouse.webp	charlieTheMouse.webp
Chef.webp	chef.webp
Chicken.webp	chicken.webp
Chickens.webp	chickens.webp
Chief Wicky Wicky.webp	chiefWickyWicky.webp
Cicada Queen.webp	cicadaQueen.webp
Cicadas.webp	cicadas.webp
Clyde the Fog Spirit.webp	clydeTheFogSpirit.webp
Computer.webp	computer.webp
Conway.webp	conway.webp
Coralites.webp	coralites.webp
Courage.webp	courage.webp
Cow.webp	cow.webp
Crows.webp	crows.webp
Cruel Veterinarian.webp	cruelVeterinarian.webp
Cupid.webp	cupid.webp
Dancing Rats.webp	dancingRats.webp
Daphne Blake.webp	daphneBlake.webp
Deer.webp	deer.webp
Destruction Crew.webp	destructionCrew.webp
Di Lung.webp	diLung.webp
Dilly.webp	dilly.webp
Dog Skeletons.webp	dogSkeletons.webp
Dogs Playing Poker.webp	dogsPlayingPoker.webp
Dolores Dolores.webp	doloresDolores.webp
Dolphin Trainer.webp	dolphinTrainer.webp
Dr. Gerbil.webp	drGerbil. Gerbil.webp
Dr. Gerhart.webp	drGerhart. Gerhart.webp
Dr. Vindaloo Weremole.webp	drVindalooWeremole. Vindaloo Weremole.webp
Dr. Vindaloo.webp	drVindaloo. Vindaloo.webp
Dr. Zalost.webp	drZalost. Zalost.webp
Duck Brothers.webp	duckBrothers.webp
Duck.webp	duck.webp
Duncan.webp	duncan.webp
Elephant.webp	elephant.webp
Elisa and Eliza Stitch.webp	elisaAndElizaStitch.webp
Errol Van Volkheim.webp	errolVanVolkheim.webp
Eustace Bagge.webp	eustaceBagge.webp
Everett.webp	everett.webp
Evil Carrot.webp	evilCarrot.webp
Evil Eggplants.webp	evilEggplants.webp
Evil Plants.webp	evilPlants.webp
Exterminator.webp	exterminator.webp
Farmer Jiles Galette.webp	farmerJilesGalette.webp
Federal Agents.webp	federalAgents.webp
Feo the Alien.webp	feoTheAlien.webp
Fish.webp	fish.webp
Fishsionary.webp	fishsionary.webp
Floyd.webp	floyd.webp
Flying Dragon.webp	flyingDragon.webp
Francesca Da Rimini.webp	francescaDaRimini.webp
Frau Glockenspiel.webp	frauGlockenspiel.webp
Fred Jones.webp	fredJones.webp
Fred's Hamster.webp	fredSHamster.webp
Fred.webp	fred.webp
French Man.webp	frenchMan.webp
French Security Guard.webp	frenchSecurityGuard.webp
Furniture.webp	furniture.webp
Fusilli.webp	fusilli.webp
General Horton.webp	generalHorton.webp
Gerhart's House.webp	gerhartSHouse.webp
Giant Starfish.webp	giantStarfish.webp
Giraffe.webp	giraffe.webp
Goat.webp	goat.webp
God Bone.webp	godBone.webp
Goldfish.webp	goldfish.webp
Golem.webp	golem.webp
Goose God.webp	gooseGod.webp
Government Telecom.webp	governmentTelecom.webp
Grizzly Bear.webp	grizzlyBear.webp
Growth Industries Representative.webp	growthIndustriesRepresentative.webp
Hamilton.webp	hamilton.webp
Hamster.webp	hamster.webp
Hard Drive Virus.webp	hardDriveVirus.webp
Hazmat radiation.webp	hazmatRadiation.webp
Henry and Teresa.webp	henryAndTeresa.webp
Hohouser.webp	hohouser.webp
Horst Bagge.webp	horstBagge.webp
Hostile Hairball.webp	hostileHairball.webp
Hunchback.webp	hunchback.webp
Ickett Bagge.webp	ickettBagge.webp
Instant Eel.webp	instantEel.webp
Ivana.webp	ivana.webp
Jay.webp	jay.webp
Jean Bon's Wife.webp	jeanBonSWife.webp
Jean Bon.webp	jeanBon.webp
Jeeves Weevil.webp	jeevesWeevil.webp
Jennings.webp	jennings.webp
Jimbo.webp	jimbo.webp
Jojo.webp	jojo.webp
Kangaroo Courage.webp	kangarooCourage.webp
Kangaroo Eustace.webp	kangarooEustace.webp
Kangaroo Monster.webp	kangarooMonster.webp
Kansas.webp	kansas.webp
Katz' Jam Monster.webp	katzJamMonster.webp
Katz' Spiders.webp	katzSpiders.webp
Katz.webp	katz.webp
King Buffo's Advisor.webp	kingBuffoSAdvisor.webp
King Buffo.webp	kingBuffo.webp
King Ghidorah.webp	kingGhidorah.webp
King Kong.webp	kingKong.webp
King Ramses.webp	kingRamses.webp
King of Flan.webp	kingOfFlan.webp
Kitty.webp	kitty.webp
Le Quack.webp	leQuack.webp
Leader Monk.webp	leaderMonk.webp
Leech.webp	leech.webp
Librarian.webp	librarian.webp
Lieutenant Gidley.webp	lieutenantGidley.webp
Lint Lady.webp	lintLady.webp
Lion Statues.webp	lionStatues.webp
Little Boy.webp	littleBoy.webp
Little Girl.webp	littleGirl.webp
Little Muriel.webp	littleMuriel.webp
Lobsters.webp	lobsters.webp
Ma Bagge.webp	maBagge.webp
Mad Dog's Minions.webp	madDogSMinions.webp
Mad Dog.webp	madDog.webp
Malcolm.webp	malcolm.webp
Man (King of Flan).webp	manKingOfFlan.webp
Man.webp	man.webp
Maria and Mano Ladrones.webp	mariaAndManoLadrones.webp
Mattress Demon.webp	mattressDemon.webp
Mayan Baker.webp	mayanBaker.webp
Mayan Princess.webp	mayanPrincess.webp
Mayor coralite.webp	mayorCoralite.webp
Mayor of Dusty Little Town.webp	mayorOfDustyLittleTown.webp
Mayor of Nowhere (Straight Outta Nowhere_ Scooby-Doo! Meets Courage the Cowardly Dog).webp	mayorOfNowhereStraightOuttaNowhereScoobyDooMeetsCourageTheCowardlyDog.webp
Mayor of Nowhere.webp	mayorOfNowhere.webp
Mayor.webp	mayor.webp
McPhearson Phantom (character).webp	mcPhearsonPhantomCharacter.webp
Mecha Courage.webp	mechaCourage.webp
Mei Ling.webp	meiLing.webp
Minnie.webp	minnie.webp
Mona Lisa.webp	monaLisa.webp
Mondo.webp	mondo.webp
Monkey.webp	monkey.webp
Monks.webp	monks.webp
Mosquito.webp	mosquito.webp
Mother Banana.webp	motherBanana.webp
Mother Vulture.webp	motherVulture.webp
Mountain Ape.webp	mountainApe.webp
Mouse.webp	mouse.webp
Mr. Glockenspiel.webp	mrGlockenspiel. Glockenspiel.webp
Mr. McGill.webp	mrMcGill. McGill.webp
Mr. Nasty.webp	mrNasty. Nasty.webp
Muriel Bagge.webp	murielBagge.webp
Mustafa al Bacterius.webp	mustafaAlBacterius.webp
Norwegian Blue.webp	norwegianBlue.webp
Nowhere Mayor.webp	nowhereMayor.webp
Nowhere Newsman.webp	nowhereNewsman.webp
Nutcracker.webp	nutcracker.webp
Octopus.webp	octopus.webp
Old Banana.webp	oldBanana.webp
Old Lady.webp	oldLady.webp
Old Woman.webp	oldWoman.webp
Orderlies Asylum Agents.webp	orderliesAsylumAgents.webp
Ostrich.webp	ostrich.webp
Otto.webp	otto.webp
PIane Pilot.webp	pianePilot.webp
Paolo.webp	paolo.webp
Paper Muriel and Eustace.webp	paperMurielAndEustace.webp
Parachute Lady.webp	parachuteLady.webp
People of Nowhere.webp	peopleOfNowhere.webp
Perfectionist.webp	perfectionist.webp
Pig.webp	pig.webp
Pigeons.webp	pigeons.webp
Pixie.webp	pixie.webp
Polar Bear.webp	polarBear.webp
Police Officer of the Park painting.webp	policeOfficerOfTheParkPainting.webp
Police Officer.webp	policeOfficer.webp
Policeman.webp	policeman.webp
Poohbah.webp	poohbah.webp
Prickle Pirate.webp	pricklePirate.webp
Professor (Floyd).webp	professorFloyd.webp
Professor Frith.webp	professorFrith.webp
Quilt Club Members.webp	quiltClubMembers.webp
Quilt.webp	quilt.webp
Rabbit.webp	rabbit.webp
Raccoons.webp	raccoons.webp
Race of Robots.webp	raceOfRobots.webp
Radio City Rockettes.webp	radioCityRockettes.webp
Raisin.webp	raisin.webp
Rat (The Demon in the Mattress).webp	ratTheDemonInTheMattress.webp
Rat (The Tower of Dr. Zalost).webp	ratTheTowerOfDrZalost. Zalost).webp
Ratatouille.webp	ratatouille.webp
Rich Guy.webp	richGuy.webp
Robot Leader.webp	robotLeader.webp
Robot Randy.webp	robotRandy.webp
Rumpledkiltskin (character).webp	rumpledkiltskinCharacter.webp
Rumpledstiltskin's Mom.webp	rumpledstiltskinSMom.webp
Salvador Dali Abominations.webp	salvadorDaliAbominations.webp
Sand Whale.webp	sandWhale.webp
Sandman.webp	sandman.webp
Scarecrow.webp	scarecrow.webp
Schwick's Pet.webp	schwickSPet.webp
Schwick.webp	schwick.webp
Scientists.webp	scientists.webp
Scooby-Doo.webp	scoobyDoo.webp
Sea Judges.webp	seaJudges.webp
Seagull.webp	seagull.webp
Shadow.webp	shadow.webp
Shaggy Rogers.webp	shaggyRogers.webp
Shark.webp	shark.webp
Sharky.webp	sharky.webp
Sheep.webp	sheep.webp
Sheriff.webp	sheriff.webp
Shirley.webp	shirley.webp
Silhouette Maker.webp	silhouetteMaker.webp
Slugs.webp	slugs.webp
Snake.webp	snake.webp
Snowman.webp	snowman.webp
Space Chicken's Son.webp	spaceChickenSSon.webp
Space Chicken's Wife.webp	spaceChickenSWife.webp
Space Chicken.webp	spaceChicken.webp
Space Dino.webp	spaceDino.webp
Space Whale.webp	spaceWhale.webp
Spirit of the Harvest Moon.webp	spiritOfTheHarvestMoon.webp
Squirrel.webp	squirrel.webp
Starmakers.webp	starmakers.webp
Storm Goddess.webp	stormGoddess.webp
Substandard Cruises Voiceover.webp	substandardCruisesVoiceover.webp
Subway Telecom.webp	subwayTelecom.webp
Teddy Bears.webp	teddyBears.webp
The Beaver's Parents.webp	theBeaverSParents.webp
The Beaver.webp	theBeaver.webp
The Clown.webp	theClown.webp
The Great Eggplant.webp	theGreatEggplant.webp
The Magic Tree of Nowhere (character).webp	theMagicTreeOfNowhereCharacter.webp
The Precious, Wonderful, Adorable, Lovable Duckling.webp	thePreciousWonderfulAdorableLovableDuckling.webp
The Puppet.webp	thePuppet.webp
The Whip.webp	theWhip.webp
Thinker.webp	thinker.webp
Tick.webp	tick.webp
Tiger.webp	tiger.webp
Troll King.webp	trollKing.webp
Trolls.webp	trolls.webp
Tulip Worm.webp	tulipWorm.webp
Tulip.webp	tulip.webp
Ulcer.webp	ulcer.webp
Unnamed chibi-sized man.webp	unnamedChibiSizedMan.webp
Valkyries.webp	valkyries.webp
Velma Dinkley.webp	velmaDinkley.webp
Velvet Vic.webp	velvetVic.webp
Violin Girl.webp	violinGirl.webp
Volcano God.webp	volcanoGod.webp
Waitress.webp	waitress.webp
Walrus.webp	walrus.webp
Weasel.webp	weasel.webp
Weremole.webp	weremole.webp
White Tiger.webp	whiteTiger.webp
Wicky Wicky Woo.webp	wickyWickyWoo.webp
William (shop owner).webp	williamShopOwner.webp
William's brother.webp	williamSBrother.webp
William.webp	william.webp
Windmill Vandals.webp	windmillVandals.webp
courage.webp	courage2.webp
eustaceBagge.webp	eustaceBagge2.webp
fred.webp	fred2.webp
horstBagge.webp	horstBagge2.webp
katz.webp	katz2.webp
kingRamses.webp	kingRamses2.webp
murielBagge.webp	murielBagge2.webp
