Title,Path,Tags
Andy Hall (C) AwH – TV theme 2 - Courage - The Cowardly Dog.mp3,/OST/Andy Hall (C) AwH – TV theme 2 - Courage - The Cowardly Dog.mp3,"TV Theme, Instrumental, Animated Series, Cartoon, Dog, Hero, Fun, Nostalgia, Soundtrack, Whimsical"
Cartoon Network – Courage the Cowardly Dog End Theme.mp3,/OST/Cartoon Network – Courage the Cowardly Dog End Theme.mp3,"End Theme, Cartoon, Network, Outro, Animated Series, Dog, Farewell, Instrumental, Nostalgia, Reflective"
Cartoon Network – Courage the Cowardly Dog OST.mp3,/OST/Cartoon Network – Courage the Cowardly Dog OST.mp3,"Soundtrack, Cartoon, Network, OST, Animated Series, Dog, Collection, Instrumental, Background, Score"
Cartoon Network – Courage the Cowardly Dog.mp3,/OST/Cartoon Network – Courage the Cowardly Dog.mp3,"Cartoon, Network, Theme, Dog, Animated Series, Main Theme, Iconic, Nostalgia, Instrumental, Opening"
Chief Keef – On My Momma.mp3,/OST/Chief Keef – On My Momma.mp3,"Hip Hop, Rap, Chief Keef, Modern, Song, Trap, Drill, Urban, Contemporary, Explicit"
Courage - The Cowardly Dog – Katz theme 1.mp3,/OST/Courage - The Cowardly Dog – Katz theme 1.mp3,"Katz, Theme, Villain, Spooky, Creepy, Suspense, Dramatic, Instrumental, Evil, Mysterious"
Courage - the cowardly dog – Katz theme.mp3,/OST/Courage - the cowardly dog – Katz theme.mp3,"Katz, Theme, Villain, Creepy, Spooky, Suspense, Dramatic, Instrumental, Evil, Mysterious"
Courage the Cowardly Dog OST – Cajun Fox Theme.mp3,/OST/Courage the Cowardly Dog OST – Cajun Fox Theme.mp3,"Cajun, Fox, Theme, Soundtrack, Instrumental, Quirky, Whimsical, Animated Series, Unique, Character"
Courage The Cowardly Dog OST – Dr Zalost Theme.mp3,/OST/Courage The Cowardly Dog OST – Dr Zalost Theme.mp3,"Dr Zalost, Theme, Villain, OST, Spooky, Creepy, Dark, Instrumental, Animated Series, Gloomy"
Courage the Cowardly Dog ost – Katz Theme.mp3,/OST/Courage the Cowardly Dog ost – Katz Theme.mp3,"Katz, Theme, Soundtrack, Villain, Spooky, Creepy, Suspense, Instrumental, Animated Series, Mysterious"
Courage the Cowardly Dog OST – King Ramses Theme when standing.mp3,/OST/Courage the Cowardly Dog OST – King Ramses Theme when standing.mp3,"King Ramses, Theme, Ancient, OST, Egyptian, Mysterious, Spooky, Instrumental, Animated Series, Curse"
Courage the Cowardly Dog OST – Last of the Starmakers Extended.mp3,/OST/Courage the Cowardly Dog OST – Last of the Starmakers Extended.mp3,"Starmakers, Extended, Soundtrack, Sci-Fi, Space, Instrumental, Animated Series, Cosmic, Exploration, Wonder"
Courage the Cowardly Dog – Courage the Cowardly Dog.mp3,/OST/Courage the Cowardly Dog – Courage the Cowardly Dog.mp3,"Cartoon, Theme, Dog, Animated Series, Main Theme, Iconic, Nostalgia, Instrumental, Opening, Classic"
Courage the Cowardly Dog – Courage.mp3,/OST/Courage the Cowardly Dog – Courage.mp3,"Cartoon, Theme, Dog, Animated Series, Brave, Hero, Iconic, Instrumental, Opening, Classic"
Courage the Cowardly Dog – Dr. Zalost.mp3,/OST/Courage the Cowardly Dog – Dr. Zalost.mp3,"Dr Zalost, Villain, Theme, Spooky, Creepy, Dark, Instrumental, Animated Series, Gloomy, Character"
Courage The Cowardly Dog – Ezrin.mp3,/OST/Courage The Cowardly Dog – Ezrin.mp3,"Ezrin, Instrumental, Background, Score, Animated Series, Composer, Soundtrack, Calm, Reflective, Underscore"
Courage the Cowardly Dog – Freaky Fred Theme.mp3,/OST/Courage the Cowardly Dog – Freaky Fred Theme.mp3,"Freaky Fred, Theme, Creepy, Villain, Spooky, Quirky, Animated Series, Instrumental, Mysterious, Character"
Courage The Cowardly Dog – Fred s theme.mp3,/OST/Courage The Cowardly Dog – Fred s theme.mp3,"Fred, Theme, Character, Quirky, Animated Series, Instrumental, Humorous, Eccentric, Playful, Unique"
Courage the Cowardly Dog – Intro Theme.mp3,/OST/Courage the Cowardly Dog – Intro Theme.mp3,"Intro, Theme, Opening, Cartoon, Animated Series, Dog, Iconic, Instrumental, Nostalgia, Classic"
Courage the Cowardly Dog – Katz Theme.mp3,/OST/Courage the Cowardly Dog – Katz Theme.mp3,"Katz, Theme, Villain, Suspense, Spooky, Creepy, Dramatic, Instrumental, Animated Series, Mysterious"
Courage The Cowardly Dog – Last Of The Starmakers.mp3,/OST/Courage The Cowardly Dog – Last Of The Starmakers.mp3,"Starmakers, Sci-Fi, Instrumental, Space, Animated Series, Cosmic, Exploration, Wonder, Mysterious, Epic"
Courage The Cowardly Dog – Muriel s sitar song.mp3,/OST/Courage The Cowardly Dog – Muriel s sitar song.mp3,"Muriel, Sitar, Calm, Instrumental, Relaxing, Peaceful, Animated Series, Character, Traditional, Soothing"
Courage The Cowardly Dog – MusicThe Great Fusilli Theme.mp3,/OST/Courage The Cowardly Dog – MusicThe Great Fusilli Theme.mp3,"Great Fusilli, Theme, Circus, Villain, Quirky, Animated Series, Instrumental, Humorous, Playful, Character"
Courage The Cowardly Dog – Panic.mp3,/OST/Courage The Cowardly Dog – Panic.mp3,"Panic, Suspense, Dramatic, Tension, Fear, Animated Series, Instrumental, Urgent, Chaotic, Anxious"
Courage The Cowardly Dog – Piano Fan Version.mp3,/OST/Courage The Cowardly Dog – Piano Fan Version.mp3,"Piano, Fan Version, Instrumental, Cover, Emotional, Melancholy, Animated Series, Solo, Adaptation, Beautiful"
Courage the Cowardly Dog – Sad Theme (Cover).mp3,/OST/Courage the Cowardly Dog – Sad Theme (Cover).mp3,"Sad, Theme, Emotional, Cover, Melancholy, Instrumental, Animated Series, Depressing, Heartfelt, Somber"
Courage The Cowardly Dog – Sad Theme.mp3,/OST/Courage The Cowardly Dog – Sad Theme.mp3,"Sad, Theme, Emotional, Melancholy, Instrumental, Animated Series, Depressing, Heartfelt, Somber, Reflective"
Courage the Cowardly dog – Sitar theme soundtrack - (cover remastered).mp3,/OST/Courage the Cowardly dog – Sitar theme soundtrack - (cover remastered).mp3,"Sitar, Theme, Remastered, Instrumental, Soundtrack, Calm, Peaceful, Animated Series, Traditional, Soothing"
Courage The Cowardly Dog – The Great Fusilli.mp3,/OST/Courage The Cowardly Dog – The Great Fusilli.mp3,"Great Fusilli, Circus, Villain, Theme, Quirky, Animated Series, Instrumental, Humorous, Playful, Character"
Courage the cowardly dog – The Hunchback of Nowhere.mp3,/OST/Courage the cowardly dog – The Hunchback of Nowhere.mp3,"Hunchback, Nowhere, Spooky, Theme, Mysterious, Animated Series, Instrumental, Creepy, Gothic, Dark"
Courage the Cowardly Dog – Zalost.mp3,/OST/Courage the Cowardly Dog – Zalost.mp3,"Zalost, Villain, Theme, Dark, Spooky, Creepy, Instrumental, Animated Series, Gloomy, Character"
"Courage the Cowardly Dog, VGR – Courage the Cowardly Dog (Theme Song).mp3","/OST/Courage the Cowardly Dog, VGR – Courage the Cowardly Dog (Theme Song).mp3","Theme Song, VGR, Cartoon, Iconic, Animated Series, Main Theme, Opening, Nostalgia, Instrumental, Classic"
Courage The Cowardly – Dog Muriels Theme.mp3,/OST/Courage The Cowardly – Dog Muriels Theme.mp3,"Muriel, Theme, Dog, Character, Animated Series, Instrumental, Calm, Reflective, Nostalgia, Soothing"
Courage – Courage the Cowardly Dog - End Theme.mp3,/OST/Courage – Courage the Cowardly Dog - End Theme.mp3,"End Theme, Outro, Cartoon, Dog, Animated Series, Farewell, Instrumental, Nostalgia, Reflective, Closing"
Jody Gray and Andy Ezrin – Courage The Cowardly Dog.mp3,/OST/Jody Gray and Andy Ezrin – Courage The Cowardly Dog.mp3,"Jody Gray, Andy Ezrin, Theme, Collaboration, Instrumental, Animated Series, Composer, Soundtrack, Iconic, Duo"
Juice Abuse – Courage The Cowardly Dog.mp3,/OST/Juice Abuse – Courage The Cowardly Dog.mp3,"Juice Abuse, Remix, Electronic, Fan, Animated Series, Instrumental, Upbeat, Modern, Energetic, Dance"
kayn – courage the cowardly dog.mp3,/OST/kayn – courage the Cowardly Dog.mp3,"Kayn, Remix, Electronic, Fan, Animated Series, Instrumental, Upbeat, Modern, Energetic, Dance"
OST. Courage the Cowardly Dog. – Katz Theme Beat Loop.mp3,/OST/OST. Courage the Cowardly Dog. – Katz Theme Beat Loop.mp3,"Katz, Theme, Beat Loop, OST, Villain, Spooky, Creepy, Instrumental, Animated Series, Repetitive"
OST. Courage the Cowardly Dog. – muriels sitar song.mp3,/OST/OST. Courage the Cowardly Dog. – muriels sitar song.mp3,"Muriel, Sitar, OST, Calm, Instrumental, Relaxing, Peaceful, Animated Series, Character, Soothing"
Shaggy and Scooby feat. Courage the Cowardly Dog – LOOK AT ME.mp3,/OST/Shaggy and Scooby feat. Courage the Cowardly Dog – LOOK AT ME.mp3,"Shaggy, Scooby, Crossover, Rap, Hip Hop, Animated Series, Collaboration, Cartoon, Fun, Humorous"
The Courage Cowardly Dog – The End.mp3,/OST/The Courage Cowardly Dog – The End.mp3,"The End, Outro, Cartoon, Finale, Animated Series, Instrumental, Closing, Reflective, Somber, Nostalgia"
The Enochian – End Credits (Courage The Cowardly Dog).mp3,/OST/The Enochian – End Credits (Courage The Cowardly Dog).mp3,"End Credits, Enochian, Outro, Instrumental, Animated Series, Closing, Reflective, Somber, Nostalgia, Cinematic"
They Might Be Giants – Courage The Cowardly Dog.mp3,/OST/They Might Be Giants – Courage The Cowardly Dog.mp3,"They Might Be Giants, Band, Theme, Song, Alternative, Rock, Animated Series, Iconic, Nostalgia, Quirky"
Zareh Kan – Courage The Cowardly Dog.mp3,/OST/Zareh Kan – Courage The Cowardly Dog.mp3,"Zareh Kan, Cover, Instrumental, Fan, Animated Series, Adaptation, Piano, Solo, Emotional, Beautiful"
Кураж Трусливый Пес – Грустная Мелодия.mp3,/OST/Кураж Трусливый Пес – Грустная Мелодия.mp3,"Sad Melody, Russian, Instrumental, Emotional, Melancholy, Animated Series, Somber, Reflective, Depressing, Nostalgia"
М.С Кураж - трусливый пёс – Courage The Cowardly Dog Theme.mp3,/OST/М.С Кураж - трусливый пёс – Courage The Cowardly Dog Theme.mp3,"Theme, Russian, Rap, Cartoon, Animated Series, Hip Hop, Instrumental, Nostalgia, Iconic, Energetic"
Неизвестен – Courage the Cowardly Dog - Naughty Freaky Fred - Raisi K. (A AP Rocky Type Beat).mp3,/OST/Неизвестен – Courage the Cowardly Dog - Naughty Freaky Fred - Raisi K. (A AP Rocky Type Beat).mp3,"Freaky Fred, Rap, Type Beat, Unknown Artist, Hip Hop, Instrumental, Animated Series, Dark, Creepy, Quirky"
Неизвестен – Muriel s Sitar Song Theme (Courage the Cowardly Dog).mp3,/OST/Неизвестен – Muriel s Sitar Song Theme (Courage the Cowardly Dog).mp3,"Muriel, Sitar, Theme, Instrumental, Calm, Peaceful, Animated Series, Character, Traditional, Soothing"